1,经方,发热，恶风,汗(+),头痛，颈痛,,,,,,,,,浮弱,,桂枝汤,桂枝9克，芍药9克，甘草（炙）6克，生姜（切）9克，大枣（擘）4枚,桂枝汤证,吃一次的量，一般吃三次，所以乘以3
2,经方,发热，恶风,汗(+),头痛，颈痛，气上冲,,,,,,,,,浮弱,热证(-)，神经官能症、冠心病心律失常,桂枝加桂汤,桂枝15克，芍药9克，生姜（切）9克，甘草（炙）6克，大枣（擘）4枚,桂枝汤证,
3,经方,发热，恶风,汗(+),头痛，颈痛，腹痛，腹满，腹拘急,,,,,,,,,浮弱,里实(-),桂枝加芍药汤,桂枝9克，芍药18克，生姜（切）9克，甘草（炙）6克，大枣（擘）4枚,桂枝汤证,
4,经方,发热，恶风,汗(+),头痛，颈痛，腹痛,,,大便不通,,,,,,浮弱,里实(++),桂枝加大黄汤,桂枝9克，芍药18克，生姜9克，甘草（炙）6克，大枣（擘）4枚，大黄6克,桂枝汤证,
5,经方,发热，恶风,汗(+),头痛，颈痛，项背强急俯仰转侧不能自如,,,,,,,,,浮弱,,桂枝加葛根汤,桂枝9克，芍药9克，生姜9克，甘草（炙）9克，大枣（擘）4枚，葛根12克,桂枝汤证,
6,经方,发热，恶寒(-),汗(+),头痛，颈痛，全身痉挛拘急,,,,,,,,,沉迟,,栝楼桂枝汤,栝楼根9克，桂枝10克，白芍10克，生姜10克，大枣4枚，炙甘草6克,桂枝汤证,
7,经方,发热，恶风(++),汗(++)，黄汗,头痛，颈痛，身痛,,,,黄疸,,,,,浮弱,,桂枝加黄耆汤,桂枝10克，白芍10克，生姜10克，大枣4枚，炙甘草6克，黄耆10克,桂枝汤证,
8,经方,恶风,汗(+)，黄汗,头痛，颈痛，身痛,,,,,,口渴(+),,,,,黄耆芍药桂枝苦酒汤,黄耆15克，芍药9克，桂枝9克， 米醋30克,桂枝加黄耆汤证,
9,经方,发热，恶寒,汗(+),头痛，颈痛，四肢微急,,小便不利,,,,,,,浮弱,,桂枝加附子汤,桂枝10克，芍药9克，甘草（炙）9克，生姜〔切）9克，大枣（擘）4枚，炮附子6～12克,桂枝汤证,
10,经方,发热，恶风,汗(+),头痛，颈痛，身痛(++),,,,,,,,,沉迟,胃气虚,桂枝加芍药生姜各一两人参三两新加汤,桂枝9克，芍药12克，生姜12克，大枣4枚，甘草（炙）6克，人参9克,桂枝汤证,
11,经方,发热，恶风,汗(+),头痛，颈痛，咳，喘,,,,,,,,,浮弱,,桂枝加厚朴杏子汤,桂枝9克，芍药9克，生姜9克，甘草（炙）6克，大枣4枚，厚朴6克，杏仁6克,桂枝汤证,
12,经方,发热，恶风,汗(+),头痛，颈痛，心悸，遗精,,,,,,,不安,多梦,浮弱,,桂枝加龙骨牡蛎汤,桂枝9克，芍药9克，生姜9克，炙甘草6克，大枣4枚，生龙骨9克，牡蛎9克,桂枝汤证,
13,伤寒心悸烦,发热，恶风,汗(+),头痛，颈痛，腹痛，腹拘急，心悸,呕(-),,,,,,,,浮涩沉弦,实热(-),小建中汤,桂枝9克，芍药18克，生姜9克，炙甘草6克，大枣4枚，饴糖45克（分冲）,桂枝汤证,
14,经方,发热，恶风,汗(+),头痛，颈痛,,,,,,,,,浮弱,血虚(++),当归建中汤,桂枝9克，芍药18克，生姜9克，炙甘草6克，大枣4枚，当归12克 。若大虚加胶饴45克（分冲）。若出血过多，崩伤内衄不止，加地黄18克，阿胶6克。,桂枝汤证,
15,经方,发热，恶风(++),汗(++),头痛，颈痛，腹痛，腹拘急,呕(-),小便利,,黄疸,,,,,浮弱,,黄耆建中汤,桂枝9克，芍药18克，生姜10克，大枣4枚，炙甘草6克，黄耆9克，饴糖45克（分冲）,小建中汤证,
16,经方,,,肢体麻木不仁,,,,,,,,,虚弱,表里俱虚，慢性病神经麻痹症,黄耆桂枝五物汤,桂枝9克，芍药9克，生姜18克，大枣4枚，黄耆9克,桂枝加黄耆汤证,
17,经方,发热，恶风,汗(+),胸满,,,,,,,,,寸浮，关尺沉,感冒发热后表症(-),桂枝去芍药汤,桂枝9克，生姜9克，大枣4枚，炙甘草6克,桂枝汤证,
18,经方,发热，恶寒(++),汗(+),胸满,,,,,,,,,细,风湿、类风湿,桂枝去芍药加附子汤,桂枝9克，生姜9克，大枣4枚，炙甘草9克，炮附子3克,桂枝去芍药汤证,
19,风寒湿痹风湿偏于表,,,关节痛,,,,,,,,,虚,虚寒，风湿,桂枝附子汤,桂枝l2克，附子（炮）9克，生姜9克，大枣4枚，炙甘草6克,桂枝去芍药加附子汤证,
20,风寒湿痹风湿偏于肌肉,,,关节痛，气上冲(-),,小便利,大便干,,,,,,虚,虚寒，老年体虚风湿,去桂加白朮汤,附子（炮）9克，生姜9克，大枣4枚，炙甘草6克，白朮12克,桂枝附子汤证,
21,,发热，恶风,汗(-),头痛，颈痛，身痛，胸满,,小便不利,,,,,,,寸浮，关尺沉,外邪内饮,桂枝去芍药加茯苓白朮汤,桂枝9克，生姜9克，大枣4枚，炙甘草6克，茯苓9克，白朮9克,桂枝去芍药汤证,
22,风寒湿痹风湿偏于关节,恶风,汗(+),关节痛(++)， 短气,,小便不利,,浮肿,,,,,,寒湿,甘草附子汤,炙甘草9克，炮附子9克，白朮9克，桂枝12克,桂枝附子汤证,
23,经方,发热，恶风,汗(+),胸满，痰涎(++),,,,,,,,,寸浮，关尺沉,肺冷，虚热(-),桂枝去芍药加皂荚汤,桂枝9克，生姜9克，大枣4枚，炙甘草6克，皂荚(去皮子，炙焦)6克,桂枝去芍药汤证,
24,经方,发热，恶风,汗(+),胸满,,,,,,,惊狂，不安,,寸浮，关尺沉,痰饮(++),桂枝救逆汤 / 桂枝去芍药加蜀漆牡蛎龙骨汤救逆汤,桂枝9克，生姜9克，大枣4枚，炙甘草6克，蜀漆(去腥)9克，牡蛎15克，龙骨12克,桂枝去芍药汤证,
25,发汗后心下悸,发热，恶风,汗(+),气上冲，心悸，手自压心窝,,,,,,,,,,里实(-),桂枝甘草汤,桂枝36克，炙甘草18克,桂枝汤证,
26,经方,发热，恶风,汗(+),气上冲，心悸，手自压心窝，咽痛(++)，痰涎(++),,,,,,口渴(-),,,,里实(-),半夏散及汤,半夏、桂枝、炙甘草，各等分,桂枝甘草汤证,
27,经方,发热，恶风,汗(+),胸满，心烦，心悸,,,,,,,惊狂,,寸浮，关尺沉,痰饮,桂枝甘草龙骨牡蛎汤,桂枝12克，炙甘草6克，龙骨6克，牡蛎6克,桂枝去芍药加蜀漆牡蛎龙骨汤救逆汤证,
28,协热利-表里皆寒,发热，恶风,汗(+),气上冲，心悸，手自压心窝，心下痞,,小便少,大便溏泻,,,,,,,表里不解,桂枝人参汤,桂枝12克，炙甘草12克，白朮9克，人参9克，干姜9克,桂枝甘草汤证+理中汤证,桂枝后下
29,脾阳虚水泛,发热，恶风,汗(+),气上冲，心悸，心下痞满，头晕，短气,,小便不利,,,,,,,沉紧,实热(-),苓桂朮甘汤,茯苓12克，桂枝9克，白朮9克，炙甘草6克,桂枝甘草汤证,
30,经方,发热，恶风,汗(+),气上冲(++)，心下脐下悸动，腹挛急,,,,,,,,,,,苓桂枣甘汤,茯苓24克，桂枝12克，大枣4枚，炙甘草6克,桂枝甘草汤证,
31,经方,发热，恶风,汗(+),气上冲，心悸，手自压心窝,呕(+),,,,,口渴(-),,失眠,,,茯苓甘草汤,茯苓9克，炙甘草3克，生姜9克，桂枝6克,桂枝甘草汤证,
32,经方,发热，恶风,汗(+),气上冲，心悸，手自压心窝，心下痛,呕(++),,,,,口渴(+),,,,痰饮(++),茯苓泽泻汤,茯苓24克，泽泻12克，炙甘草6克，桂枝6克，白朮9克，生姜12克,茯苓甘草汤证,
33,经方,发热，恶风,汗(+),气上冲，心悸，手自压心窝，咳逆上气，眩晕(++),,小便不利,,手足厥冷,,,,,寸沉，尺微,外邪内饮,苓桂五味甘草汤,茯苓12克，桂枝12克，五味子12克，炙甘草9克,桂枝甘草汤证,
34,经方,发热(-)，恶寒(-),,咳，胸满，痰白,,,,,,口渴(-),,,,痰饮，慢性咳喘,苓甘五味姜辛汤,茯苓12克，炙甘草9克，干姜9克，细辛9克，五味子14克,苓桂五味甘草汤证,
35,经方,发热(-)，恶寒(-),,咳，胸满，吐稀白痰，头晕,呕(+),,,,,口渴(-),,,,痰饮(++)，寒(++),苓甘五味姜辛夏汤,茯苓12克，炙甘草6克，细辛6克，干姜6克，五味子14克，半夏15克,苓甘五味姜辛汤证,
36,经方,发热(-)，恶寒(-),,咳，胸满，吐稀白痰，头晕,呕(+),,,头面四肢浮肿,,口渴(-),,,,,苓甘五味姜辛夏杏汤,茯苓12克，炙甘草9克，细辛9克，五味子14克，干姜9克，半夏15克，杏仁15克,苓甘五味姜辛夏汤证,
37,经方,上热，恶寒(-),,咳，胸满，吐稀白痰，头晕,呕(+),,大便难,面色如醉状，头面四肢浮肿,,口渴(-),,,,慢性支气管炎,苓甘五味姜辛夏杏大黄汤,茯苓12克，炙甘草9克，五味子14克，干姜9克，细辛9克，半夏15克，杏仁15克，大黄6克,苓甘五味姜辛夏杏汤证,
38,水痞（当利小便）,发热，恶风,汗(+),头痛，颈痛，心下停饮，气上冲,水入则吐(++),小便不利,,,,口渴(++),,,浮,外邪内饮,五苓散,桂枝6克，泽泻15克，茯苓9克，猪苓9克，白朮9克,,
39,经方,发热(-)，恶寒(-),,癫痫，中风偏瘫,,,,,,,,,,热证,风引汤,桂枝10克 ，甘草6克，牡蛎6克 ，大黄12克，干姜12克 ，龙骨12克，  寒水石18克，滑石18克，赤石脂18克，白石脂18克，紫石脂18克，石膏18克,,
40,经方,发热(-)，恶寒(-),,,,,,,,,病如狂状，妄行，独语不休,,浮,,防己地黄汤,生地黄100克，防己3克，桂枝10克，防风10克，甘草6克,,
41,经方,,,,,,,阴狐疝气，偏有小大，时时上下,,,,,,无痛苦能自复之疝气,蜘蛛散,蜘蛛14枚(熬焦)，桂枝3克,,
42,经方,发热,,心烦,呕(+),,大便难(-),抽搐(-),产后,,,,,里实(-),竹皮大丸,生竹茹0.6克， 石膏0.6克， 桂枝0.3克， 甘草2.1克， 白薇0.3克，有热者加白薇0.3克，烦喘者加柏实0.3克,,
43,经方,发热，恶风,汗(-),头痛，身痛，腰痛，关节疼痛，喘,呕(+),,,鼻衂,,,,,浮紧,,麻黄汤,麻黄（去节）9克，桂枝6克，甘草(炙)3克，杏仁（去皮尖）9克,麻黄汤证,
44,经方,发热，恶风,汗(-),头痛，身痛，腰痛，关节疼痛，喘,呕(+),,,,,,,,浮紧,湿痹，风湿关节炎,麻黄加朮汤,麻黄9克，桂枝6克，炙甘草3克，杏仁9克，白朮12克,麻黄汤证,
45,经方,发热，午后(++),,周身关节痛，身重,,,,浮肿,,,,,,表里挟湿，急性风湿关节炎,麻黄杏仁薏苡甘草汤,麻黄9克，薏苡仁18克，杏仁6克，炙甘草6克,麻黄汤证,
46,经方,发热，恶风(-),汗(+)，黏稠量多臭味重,喘，心烦，胸满,,,,,,口干(+),,,,外邪内热，气管炎、肺炎、 哮喘,麻杏甘石汤,麻黄18克，杏仁9克，炙甘草9克，石膏45～100克,麻黄汤证,
47,经方,发热，恶风,汗(+),,,,,周身浮肿,,口渴(-),,,浮,风水，外邪内热,越婢汤,麻黄18克，石膏45～100克，生姜9克，炙甘草6克，大枣5枚,麻杏甘石汤证,
48,经方,发热，恶风,汗(+),身痛，关节痛,,小便不利,,周身面目浮肿，微发黄色,,口渴(-),,,沉,湿痹,越婢加朮汤,麻黄18克，石膏45～100克，生姜9克，炙甘草6克，大枣5枚，白朮12克,越婢汤证,
49,经方,发热，恶风,汗(+),咳，喘，头痛，两眼发胀,,,,浮肿,,口渴(-),,,浮大,外寒内热内饮,越婢加半夏汤,麻黄18克，生姜9克，炙甘草6克，大枣5枚，生石膏45～100克，半夏15克,越婢汤证,
50,经方,发热，恶风,汗(-),,,,,浮肿,,,,,,有表证，里热不显,甘草麻黄汤,甘草6克，麻黄12克,麻黄汤证,
51,经方,恶寒,汗(-),头痛,,,,,,,但欲寐,,微细,表虚寒,麻黄附子甘草汤,麻黄6克，炙甘草6克，炮附子3克,甘草麻黄汤证,
52,经方,恶寒,汗(-),头痛,,,,浮肿(++),,,但欲寐,,沉小,虚寒,麻黄附子汤,麻黄9克，炙甘草6克，炮附子3克,麻黄附子甘草汤证,
53,经方,发热，恶寒,汗(-),头痛,,,,,,,但欲寐,,沉,表虚寒兼寒饮，感冒、急慢性气管炎、关节炎,麻黄附子细辛汤,麻黄6克，细辛6克，炮附子3克,麻黄附子甘草汤证,
54,太阳阳明合病下利,发热，恶风,汗(-),头痛，颈痛，项背强急俯仰转侧不能自如，喘,,,下利,,,,,,浮,刚痉、疹痘初期、腰肌劳损,葛根汤,葛根12克，麻黄9克，桂枝6克，生姜9克，芍药6克，炙甘草6克，大枣4枚,桂枝加葛根汤证,
55,经方,发热，恶风,汗(-),头痛，颈痛，项背强急俯仰转侧不能自如，喘,呕(+),,下利,,,,,,浮,,葛根加半夏汤,葛根12克，麻黄9克，桂枝6克，生姜9克，芍药6克，炙甘草6克，大枣4枚，半夏12克,葛根汤证+半夏汤证,
56,协热利-表里皆热,发热，恶寒(-),汗(+),喘,,,下利,,,,,,浮数,内外皆热，急性胃肠型感冒、痢疾初期,葛根黄芩黄连汤,葛根24克，炙甘草6克，黄芩9克，黄连9克,,
57,经方,发热，恶寒,汗(-),头痛，颈痛，项背强急俯仰转侧不能自如，喘,,,,,,口干(+),,,浮,,葛根加生石膏汤,葛根12克，麻黄9克，桂枝6克，生姜9克，芍药6克，炙甘草6克，大枣4枚 ，生石膏45～100克,葛根汤证,
58,经方,发热，恶寒,汗(-),头痛，颈痛，项背强急俯仰转侧不能自如，喘，咽痛，排痰困难,,,,,,,,,浮,,葛根加桔梗汤,葛根12克，麻黄9克，桂枝6克，生姜9克，芍药6克，炙甘草6克，大枣4枚 ，桔梗9克,葛根汤证,
59,经方,发热，恶寒,汗(-),头痛，颈痛，项背强急俯仰转侧不能自如，喘，关节痛,,,,痈脓,,,,,浮,,葛根加薏苡仁汤,葛根12克，麻黄9克，桂枝6克，生姜9克，芍药6克，炙甘草6克，大枣4枚 ，薏苡仁15～30克,葛根汤证,
60,经方,发热，恶寒,汗(-),头痛，颈痛，项背强急俯仰转侧不能自如，喘，关节痛，心烦，腰背拘急痛,,,,,,,,,浮,,葛根加朮附汤,葛根12克，麻黄9克，桂枝6克，生姜9克，芍药6克，炙甘草6克，大枣4枚 ，白朮10克，附子10克,葛根汤证,
61,经方,发热，恶寒,汗(-),头痛，颈痛，项背强急俯仰转侧不能自如，喘，关节痛，心烦，腰背拘急痛,,小便不利,,,,,,,浮,,葛根加苓朮附汤,葛根12克，麻黄9克，桂枝6克，生姜9克，芍药6克，炙甘草6克，大枣4枚 ，白朮10克，附子10克，茯苓10克,葛根加朮附汤,
62,经方,发热(++)，恶寒,汗(-),身痒,,,,,,,,,微缓,感冒发热病后期、慢性病复感外邪,桂枝麻黄各半汤,桂枝5克，芍药3克，生姜3克，炙甘草3克，麻黄3克，杏仁3克，大枣2枚,桂枝汤证+麻黄汤证,
63,经方,发热，恶风,汗(+),头痛，颈痛，身痛，腰痛，关节疼痛，喘,呕(+),,,,,,,,浮,桂枝汤证多、麻黄汤证少,桂枝二麻黄一汤,麻黄3克，桂枝6克，芍药6克，生姜6克，炙甘草4克，杏仁3克，大枣2枚,桂枝汤证+麻黄汤证,
64,经方,发热，恶寒,汗(-),头痛，颈痛，烦躁,,,,浮肿,,口干(+),,,微弱,桂枝汤证多、越婢汤证少,桂枝二越婢一汤,桂枝3克，芍药3克，麻黄3克，炙甘草3克，大枣2枚，生姜5克，石膏5克,桂枝汤证+越婢汤证,
65,经方,发热，恶风,汗(-),头痛，身痛，腰痛，关节疼痛，喘，烦躁,呕(+),小便不利,,浮肿（溢饮），乍有轻时,,"口渴(-)
口舌干",,,浮紧,阳热，肾炎重症,大青龙汤,麻黄18克，桂枝6克，炙甘草6克，杏仁6克，生姜9克，大枣4枚，生石膏45～100克,麻黄汤证+越婢汤证,
66,经方,发热，恶风,汗(+),喘，烦满,,,,浮肿,,口渴(++),,,浮,外邪内热,文蛤汤,文蛤15克，麻黄9克，炙甘草9克，生姜9克，生石膏15克，杏仁9克，大枣4枚,麻杏甘石汤证+越婢汤证,
67,经方,发热，恶寒,,心下有水气，少腹满，噎，咳，喘,呕(+),小便不利,下利,,,口渴(+),,不得卧,,外邪内饮，慢性虚寒性咳嗽,小青龙汤,麻黄9克，芍药9克，细辛9克，干姜9克，炙甘草9克，桂枝9克，五味子12克，半夏15克,小青龙汤证,
68,经方,发热，恶寒,,心下有水气，少腹满，噎，咳，喘，烦躁,呕(+),小便不利,下利,,,口渴(+),,不得卧,浮,外邪内饮，热壅气逆,小青龙加石膏汤,麻黄9克，芍药9克，细辛9克，干姜9克，炙甘草9克，桂枝9克，五味子12克，半夏15克，石膏30～60克,小青龙汤证,
69,经方,发热，恶寒,,心下有水气，少腹满，噎，咳，喘，喉中痰鸣(++),呕(+),小便不利,下利,,,口渴(+),,不得卧,,外邪内饮,射干麻黄汤,射干9克，麻黄12克，生姜12克，细辛9克，紫菀9克，款冬花9克，五味子13克，大枣3枚，半夏15克(口干、烦躁加生石膏),小青龙汤证,
70,经方,发热，恶寒,,心下有水气，少腹满，噎，咳，喘，烦躁，胸满，短气,呕(+),小便不利,下利,,,口渴(+),,不得卧,浮,外邪内饮,厚朴麻黄汤,厚朴15克，麻黄12克，石膏30-60克，杏仁15克，半夏15克，干姜6克，细辛6克，浮小麦30克，五味子14克,小青龙加石膏汤证,
71,经方,恶寒,,身痛，麻痹，腹胀,,,,手足逆冷,,,但欲寐,,,,桂枝去芍药加麻黄附子细辛汤,桂枝9克，生姜9克，炙甘草6克，大枣4枚，麻黄6克，细辛6克，炮附子3克,桂枝去芍药汤证+麻黄附子细辛汤证,
72,经方,发热，恶风,汗(-),身痒,,,,黄疸，身黄，目黄,,,,,,瘀热在里发黄，皮肤湿疹、瘙痒,麻黄连翘赤小豆汤,麻黄6克，生姜6克，生梓白皮15克，连翘6克，炙甘草6克，大枣4枚，赤小豆30克，杏仁6克,麻黄汤证,
73,经方,发热，恶风,,身痛拘急不得转侧，麻木,,,,肢体不遂，语言不利，茫然不知痛,,,,,,中虚，血少，脑血管病、身痹痛有表证,续命汤,麻黄6克，桂枝6克，人参6克，甘草6克，干姜6克，石膏6克，当归6克，杏仁6克，川芎3克,麻黄加石膏汤证,
74,经方,,,关节疼痛，气上冲,呕(+),,,身瘦，肢体肿,,,,,,慢性关节炎下肢腕指关节肿痛,桂枝芍药知母汤,桂枝12克，芍药9克，甘草6克，麻黄6克，生姜15克，白朮15克，知母12克，防风12克，炮附子6克(风湿热加石膏),桂枝汤证,
75,经方,恶寒,汗(-),关节疼痛，手足拘急，烦热,不欲饮食,,,,,,,,,,三黄汤,麻黄8克，独活6克，细辛3克，黄耆3克，黄芩5克,,
76,经方,发热，恶寒(++),汗(-),疟疾，身痛，胸腹悸动,,,,浮肿,,,,,,外寒内饮成痞坚,牡蛎汤,牡蛎12克，麻黄12克，甘草6克，蜀漆9克,甘草麻黄汤证,
77,经方,上热下寒,,咽喉不利,,,下利,手足逆冷,,,,,沉迟,伤寒表里不解，寒热虚实交错,麻黄升麻汤,麻黄8克，升麻4克，当归4克，知母3克，黄芩3克，玉竹3克，芍药1克，天门冬1克，桂枝1克，茯苓1克，炙甘草1克，生石膏1克，白朮1克，干姜1克,,
78,经方,发热，恶风,汗(-),心下悸,,,,浮肿,,,,,,胃中有水气,半夏麻黄丸,半夏、麻黄等分,,
79,经方,,,咽喉肿痛,,,,身面红肿痈脓,,,,,,急性温疫,升麻鳖甲汤,升麻18克，当归9克，蜀椒9克（炒，去汗），甘草18克，鳖甲手掌大一片，雄黄5克（研）,,
80,经方,发热(-)，恶寒(-),,咽喉肿痛，身痛(++)，吐脓血(-),,,,面目青,,,,,,,升麻鳖甲汤去雄黄蜀椒汤,升麻18克，当归9克，甘草18克，鳖甲手掌大1片,升麻鳖甲汤证,
81,经方,发热，恶寒,汗(-),,,,,黄疸,,口渴(-),,,,里热(-),千金麻黄醇酒汤,麻黄10克，冬月酒煮，春月水煮,,
82,少阳阳明下利,恶寒(-)，潮热,汗(+)，手足汗(+),腹满痛，心烦,不能食,,大便难,,,,谵语,,迟,里实热,大承气汤,大黄12克，厚朴18克，枳实9克，芒硝18克,大承气汤证,
83,经方,潮热(-),,腹胀满,,,大便硬，大便不通时间不久,,,,,,,胃中燥,小承气汤,大黄12克，厚朴9克，枳实9克,大承气汤证,
84,经方,发热,,心烦,,,,,,,谵语,,,腹实,调胃承气汤,大黄10克，炙甘草6克，芒硝12克（分冲）,大承气汤证,
85,经方,,,,呕(+),,大便难而急迫，燥结(-),,,,,,,胃肠热(-),大黄甘草汤,大黄9克，炙甘草6克,调胃承气汤证,
86,经方,潮热(-),,胸腹胀满疼痛(++),,,大便闭结，大便不通时间不久,,,,,,,胃中燥,厚朴三物汤 / 厚朴大黄汤,大黄9克，厚朴18克，枳实11克,小承气汤证,
87,经方,发热，恶寒(-),,腹满,,,大便干结,,,,,,浮,,厚朴七物汤,厚朴15克，枳实9克，大黄6克，桂枝5克，生姜9克，大枣3枚，甘草6克,厚朴三物汤证+桂枝去芍药汤证,
88,经方,,,,,,大便难，但无所苦,,,,,,,里实热，习惯性、老年、虚人便秘,麻子仁丸,麻子仁30克，芍药24克，枳实24克，大黄18克，厚朴24克，杏仁18克,小承气汤证,
89,阳明（表里）热症（非实）（未伤气只伤阴）,发热(++),汗(+),,,,,,,口干(+),,,滑数,早用误治导致郁闭：公鸡冠血+蜂蜜+黄酒，出汗、退烧,白虎汤,知母18克，生石膏45-100克，炙甘草6克，粳米30克,白虎汤证,
90,阳明热症（非实）兼气阴（津）两伤,发热，恶风,汗(++),烦,,,,,,口渴(++)，欲饮水,,,洪大,,白虎加人参汤,知母18克，石膏60～100克，炙甘草6克，粳米30克，人参9克,白虎汤证,
91,经方,发热，恶寒(-),汗(+),关节痛，心烦,呕(+),,,,,,,,,里实(-),白虎加桂枝汤,知母18克，生石膏30-100克，炙甘草6克，粳米30克 ，桂枝9克,桂枝甘草汤证+白虎汤证,
92,经方,,,脐下少腹硬满痛(++),,,大便干结,,产后腹痛，经血不利,,,,,瘀血(++),下瘀血汤,大黄27克，桃仁20枚，蟅虫20枚（熬，去足）,,
93,经方,发热,,腹痛有定处，气上冲,,,,,,,如狂，谵语,,,腹实，瘀血,桃核承气汤,桃仁9克，大黄12克，桂枝6克，炙甘草6克，芒硝6克（分二煎）,调胃承气汤证,
94,经方,发热，恶寒,汗(+),右腹痛拒按(++),,,,,,,,,迟紧,里实热，有瘀血痈肿，急性阑尾炎脓未成,大黄牡丹皮汤,大黄12克，桃仁9克，丹皮11克，冬瓜子12克，芒硝12克（分二煎）,,
95,经方,发热,,少腹硬满,,小便利,大便难,黄疸,经闭,,喜忘，狂躁不安,,,瘀血(++),抵当汤,水蛭（熬）6克，虻虫（熬）6克，桃仁6克，大黄9克,,
96,经方,发热,,少腹硬满,,小便利,大便难,黄疸,经闭,,,,浮,瘀血,抵当丸,大黄27克，虻虫（熬）20个，水蛭（熬）20个，桃仁25个,抵当汤证,
97,经方,,,,,,,面目黯黑，瘀斑，肌肤甲错,,,,,,虚劳挟瘀,大黄蟅虫丸,大黄（蒸）8克，黄芩6克，甘草9克，桃仁24克，杏仁24克，芍药12克，干地黄30，干漆3克，虻虫40克，水蛭60克，蛴螬40克，蟅虫25克,,
98,经方,,,腹满痛，胁痛，痛有定处，气冲，心悸,,,,肿块,下血,,,,,久瘀不宜攻下,桂枝茯苓丸,桂枝、茯苓、丹皮、桃仁、芍药各等分,,
99,经方,,,,,,,面颊瘀斑，肝脾肿大,,,,,,慢性肝炎、疟疾,鳖甲煎丸,鳖甲3.3克，乌扇0.9克(烧)， 黄芩0.9克， 柴胡0.9克，人参0.3克， 半夏0.3克，干姜0.9克，桂枝0.9克，芍药1.5克， 牡丹1.5克(去心)，桃仁0.6克，赤硝3.6克，大黄0.9克 ，厚朴0.9克， 瞿麦0.6克，石苇0.9克(去毛)，葶苈0.3克（熬），紫葳0.9克， 阿胶0.9克，蜂巢1.2克(炙)，蟅虫1.5克（熬)， 蜣螂1.8克(熬），鼠妇0.9克(熬）,柴胡桂枝汤证+桃核承气汤证,
100,经方,,,腹满痛，痛有定处,,,,阴囊肿大,带下，经水不利，阴肿痛,,,,,瘀血，热证,土瓜根散,土瓜根9克，芍药9克，桂枝9克，蟅虫9克,,
101,经方,,,胸闷，胸痛,,,,,,喜喝热水,,,,热证(-)，肝炎、神经官能症、心脏病,旋覆花汤,旋覆花10克，葱14茎，新绛少许,,
102,经方,,,腹痛，身痛，刺痛有定处,,,,,,,,,,,红蓝花酒,红蓝花(红花)10克,,
103,大结胸,发热,汗(+),心下结硬，满痛拒按，烦躁,,,,,,,,,沉紧,热实(++)，胸腹炎症有水、肿块、疼痛(++),大陷胸汤,大黄18克，芒硝12克，甘遂末3克,大陷胸汤证,
104,高位结胸,,,项背强急，心下结硬，疼痛,,,,,,,,,,水多痛轻结胸,大陷胸丸,大黄24克，芒硝30克，葶苈子18克，杏仁18克,大陷胸汤证,
105,胁下悬饮结胸,,,胸闷，胁痛，心下痞硬满，咳,,,,,,,,,沉弦,胸水，腹水,十枣汤,芫花（熬）、甘遂、大戟各等分，大枣10枚,,
106,经方,,,心下坚满(++)，腹挛急,,,,,,,,,伏,腹水+心下坚满(++),甘遂半夏汤,甘遂3克，半夏18克，芍药15克，炙甘草6克，蜜半杯,,
107,经方,,,少腹满痛,,小便不利,大便不畅,,产后,口渴(-),,,,水血互结,大黄甘遂汤,大黄12克，甘遂6克，阿胶6克,,
108,经方,,,腹满，肠鸣,,小便不利,大便干,,,口干(+),,,,胸水，腹水,己椒苈黄丸,防己9克，椒目9克，葶苈子（熬）9克，大黄9克，渴者加芒硝6克,,
109,心下小结胸,,,胸膈满闷，心烦，按之心下结痛感，痰，嗽，烦热,,,,,,,,,浮滑,水热互结,小陷胸汤,黄连6克，半夏15克，栝楼30～60克,,
110,经方,,,咳，喘，吐黄浓痰,,,,,,,,不得卧,,实热，咳喘、肺痈、胸膜炎,葶苈大枣泻肺汤,葶苈子熬令黄色捣丸如弹子大，大枣12枚,,
111,经方,,,咳，喘，吐黏稠痰,,,,,,,,但坐，不得眠,,急慢性咳喘病,皂荚丸,皂荚24克(刮去皮，酥炙)，蜜丸，以枣糕和汤服,,
112,经方,,,心悸，心烦，吐血，衄血,,,大便干,,,,不安,,,热证，高血压病,泻心汤,大黄12克，黄连6克，黄芩6克,泻心汤证,
113,经方,,,心下痞满，心烦(++),,,大便难,,,,不安,,,热象(++)，高血压病,大黄汤 / 大黄丸,黄连3克，黄芩3克，栀子3克，大黄3克,泻心汤证+栀子豉汤证,
114,热痞,,,心下痞按之不硬，心烦,,,,,,,,,关上浮,,大黄黄连泻心汤,大黄9克，黄连5克,泻心汤证,
115,热痞兼表阳虚,恶寒,汗(+),心下痞,,,,,,,,,,寒热错杂,附子泻心汤,大黄6克，黄连3克，黄芩3克，附子3克,泻心汤证,
116,经方,,汗(+),腹满,,小便黄，小便少,大便干,黄疸,,,,,,实热，急慢性肝胆病,大黄硝石汤,大黄12克，黄柏12克，栀子9克，硝石12克（分二煎）,,
117,经方,发热,头汗(+)，身汗(-),烦躁,,小便不利,大便干,黄疸(阳黄),,口渴(+),,,,热与湿瘀，急性黄疸性肝炎,茵陈蒿汤,茵陈蒿24克，栀子9克，大黄6克,,
118,经方,发热,,胸中窒塞，心烦(++)，腹胀满,,,大便难,黄疸,,,,不得眠,,阳明里实，胃肠炎、肝胆病,栀子大黄汤,栀子9克，大黄6克，枳实9克，香豉18克,栀子豉汤证,
119,胸中寒痰,,,胸脘满闷,欲吐不能吐,,,,,,,,,胃家实，邪实在上阳明病。气血虚衰，忌！,瓜蒂散,瓜蒂、赤小豆各等分，香豉汁和散,大葱白熬汤止吐。吃甜东西助吐。,瓜蒂炒黄，与赤小豆分别捣筛，合香豉
120,经方,发热,,身痛，身重,,,,,,,,,微弱,暑热湿，夏季伤于冷水,一物瓜蒂汤,瓜蒂20个,,
121,经方,,,头晕,呕(+)，吐涎沫,遗尿，小便数,,,,口渴(-),,,,胃虚寒,甘草干姜汤,炙甘草18克，干姜9克,甘草干姜汤证,
270,腹痛下利,,,,,,,,,,,,,理中汤无效可用,连理汤,人参9克，炙甘草9克，白朮9克，干姜9克，黄连,,
122,寒利,,,头晕，心下痞,呕(+)，吐涎沫,小便不利,大便溏泻,,,口渴(-),,,,胃虚寒,理中汤 / 理中丸,人参9克，炙甘草9克，白朮9克，干姜9克,甘草干姜汤证,
123,经方,,,心腹痛(++)，肠蠕动(++),呕(+)，不能食,,,,,,,,,虚寒，蛔虫,大建中汤,蜀椒9克，干姜18克，人参9克，胶饴1杯（分冲）,,
124,经方,发热(-),,头痛(++)，头晕，胸闷，烦躁(++)，吐涎沫,呕(+),,,手足厥冷,,,,,,胃虚寒，胃肠、头脑诸疾、美尼尔氏综合征、偏头痛、青光眼,吴茱萸汤,吴茱萸15克，人参9克，生姜18克，大枣4枚,,
125,经方,,,,,,,,,,,,,气血不足，各种慢性虚劳病,薯蓣丸,薯蓣9克，当归3克，桂枝3克，曲3克，干地黄3克，大豆黄卷3克，甘草6克，人参2.1克，川芎1.8克，芍药1.8克，白朮1.8克，麦冬1.8克，杏仁1.8克，柴胡1.5克，桔梗1.5克，茯苓1.5克， 阿胶2.1克，干姜0.9克，白蔹0.6克， 防风1.8克，大枣100枚  (为膏)，蜜丸,,
126,经方,发热(-)，恶寒(-),,白天烦躁,呕(-),,,手足厥冷，身冷,,口渴(-),夜晚安静,,沉微,虚寒(++),干姜附子汤,干姜9克，附子（生用）9克,,
127,经方,发热,,身痛，白天烦躁,呕(+),小便利,下利清谷,手足厥冷，身冷,,口渴(-),夜晚安静,,微微欲绝,津液伤(++)，虚寒(++),四逆汤,炙甘草9克，干姜8克，附子（生用）6克,甘草干姜汤证+干姜附子汤证,
128,经方,发热，恶寒(-),汗(+),身痛，白天烦躁，腹痛，咽痛,呕(+),小便利,下利清谷,手足厥冷，身冷，面赤,,口渴(-),夜晚安静,,微微欲绝,虚寒(+++),通脉四逆汤,炙甘草9克，附子（生用）8克，干姜14克（强人可增为18克）,四逆汤证,
129,经方,,汗(+),四肢拘急,呕(-),,下利(-),手足厥冷,,,,,微微欲绝，脉不出,病重，病危，心衰(++),通脉四逆加猪胆汁汤,炙甘草9克，附子（生用）8克，干姜14克，猪胆汁1小勺(无猪胆以羊胆代之),通脉四逆汤证,
130,经方,发热，恶寒,,身痛，白天烦躁,呕(+),,下利,手足厥冷，身冷,,口渴(-),夜晚安静,,微弱,津血虚(++)，虚寒(++)，胃气虚,四逆加人参汤,炙甘草9克，干姜8克，附子（生用）6克，人参5克,四逆汤证,
131,经方,发热，恶寒,,身痛，烦躁，心下悸,呕(+),小便不利,下利,手足厥冷，身冷,,口渴(-),,,微弱,津血虚(++)，虚寒(++)，胃气虚,茯苓四逆汤,茯苓12克，人参3克，附子（生用）3克，炙甘草5克，干姜8克,四逆加人参汤证,
132,经方,,,,,,下利,,,,但欲寐,,微细,,白通汤,葱白三茎，干姜5克，附子（生用）5克,,
133,经方,,,烦躁，腹痛,呕(+),,下利,手足厥冷,,,,,,上热下寒，寒热错杂，胆囊炎，胆道蛔虫症，慢性肠炎,乌梅丸,乌梅300枚，细辛48克，干姜90克，黄连134克，当归42克，炮附子48克，蜀椒42克，桂枝48克，人参48克，黄柏48克,,
134,经方,背恶寒,,关节疼痛，下肢拘急痛，屈伸不利,,,,,,,,,沉,胃虚，寒饮,附子汤,附子（炮）6克，茯苓9克，人参6克，白朮12克，芍药9克,附子汤证,
135,肾阳虚水泛,发热,,头晕，心悸，腹痛，心下痞(-)，四肢沉重疼痛，身体微动,呕(+),小便不利,下利,下肢萎弱、麻痹、浮肿,,,,,沉,胃虚，寒饮,真武汤,茯苓9克，芍药9克，生姜9克，白朮9克，炮附子3克,附子汤证,
136,经方,,,下腹痛(++)，肠鸣(++),呕(+),,,,,,,,,虚寒，寒饮,附子粳米汤,炮附子5克，粳米15克，半夏12克，炙甘草3克，大枣4枚,,
137,经方,,,腹痛,,,,,,,,,,寒证,赤丸方,茯苓12克，半夏12克，乌头（炮）6克，细辛3克,,
138,经方,恶寒,汗(+),腹痛，寒疝,不欲饮食,,,手足厥冷,,,,,沉弦,寒证,大乌头煎,乌头大者5枚（去皮），蜜煎,大乌头煎证,
139,经方,恶寒,汗(+),身痛，关节痛(++)，腹痛，寒疝,不欲饮食,,,手足厥冷,,,,,沉弦,寒证(++),乌头桂枝汤,乌头大者5枚，蜜煎，桂枝汤半杯,大乌头煎证+桂枝汤证,
140,经方,,,关节痛(++)，屈伸不利,,,,手足厥冷,,,,,,里寒外邪,乌头汤,麻黄9克，芍药9克，黄耆9克，炙甘草9克，乌头大者5枚，蜜煎,大乌头煎证,
141,经方,,,心痛(++)，背痛(++),,,,,,,,,,虚寒(++),乌头赤石脂丸,蜀椒0.6克，附子0.3克(炮)，干姜0.3克，赤石脂0.6克，乌头0.3克(炮),,
142,经方,,,,,小便不利,,下肢肿,,口渴(++),,,沉,虚寒，腹水,栝楼瞿麦丸,栝楼根6克，茯苓10克，薯蓣10克，附子15克(炮），瞿麦3克,金匮肾气丸证,
143,经方,,,头晕，气上冲，失精,,小便不利,,,,,,,,虚寒,天雄散,天雄10克(炮)，白朮24 克，桂枝18克，龙骨10克，酒服,,
144,经方,,,偏头痛,,,,,,,,,,,头风摩散,大附子1枚(炮)，盐等分,,
145,下焦下利不止涩肠,,,,,,长期下利,,,,,,,虚寒,赤石脂禹余粮汤,赤石脂48克，禹余粮48克,,
146,经方,,,腹痛,,小便不利,长期下利，脓血便,,,,,,,虚寒,桃花汤,赤石脂24克，干姜3克，粳米15克,,
147,经方,发热,,胁下痛，身体偏侧疼痛，寒疝，腹痛,,,,,,,,,紧弦,寒湿，宜用下法者,大黄附子汤,大黄9克，炮附子9克，细辛6克,,
148,经方,,,胃腹痛(++),,,大便不通,,,,,,,寒证，卒病暴疾胀满闭塞急救方,走马汤,巴豆1枚（去皮心，熬去油），杏仁2枚,,
149,经方,,,急性心腹胀痛,,,,呼吸急迫，口噤不开，假死,,,,,,寒实,三物备急丸,大黄9克，干姜9克，巴豆（去皮心，熬，外研如脂）,,
150,寒实结胸,,,胸满，胸痛，咽痛，咳，吐脓浊,,,,,,,,,,寒实,桔梗白散,桔梗9克，贝母9克，巴豆3克,三物白散,
151,经方,寒热交替出现,,胸胁满(++)，心烦，头晕,呕(+)，不欲饮食，口苦,,,,草褥热头痛,咽干(+),精神郁闷常默默然,,浮涩沉弦,,小柴胡汤,柴胡24克，黄芩9克，人参9克，半夏12克，炙甘草9克，生姜9克，大枣（擘）4枚,小柴胡汤证,
152,经方,发热,汗(+),头痛，胸胁满(++)，心烦，头晕，喘,呕(+)，不欲饮食，口苦,,,,,咽干(+)，口干(+),精神郁闷常默默然,,,肺炎,小柴胡加生石膏汤,柴胡24克，黄芩9克，人参9克，半夏12克，炙甘草9克，生姜9克，大枣（擘）4枚 ，生石膏45-90克,小柴胡汤证,
153,经方,寒热交替出现,,胸胁满(++)，心烦，头晕，咽痛，排痰困难,呕(+)，不欲饮食，口苦,,,,,咽干(+),精神郁闷常默默然,,,,小柴胡加桔梗汤,柴胡24克，黄芩9克，人参9克，半夏12克，炙甘草9克，生姜9克，大枣（擘）4枚 ，桔梗10克(口舌干燥加生石膏),小柴胡汤证,
154,经方,寒热交替出现,,胸胁满(++)，心烦，头晕，干咳(++),呕(++)，不欲饮食，口苦,,,,,咽干(+),精神郁闷常默默然,,,,小柴胡加橘皮汤,柴胡24克，黄芩9克，人参9克，半夏12克，炙甘草9克，生姜9克，大枣（擘）4枚，橘皮12-24克(口舌干燥加生石膏，排痰困难加桔梗),小柴胡汤证,
155,经方,寒热交替出现,,胸胁满(++)，心烦，头晕，腹挛痛,呕(+)，不欲饮食，口苦,,,,,咽干(+),精神郁闷常默默然,,,,小柴胡加芍药汤,柴胡24克，黄芩9克，人参9克，半夏12克，炙甘草9克，生姜9克，大枣（擘）4枚，芍药10-18克,小柴胡汤证,
156,经方,寒热交替出现,,胸胁满(++)，烦躁(++)，头痛，头晕,呕(+)，不欲饮食，口苦，吐涎沫,,,手足厥冷,,咽干(+),精神郁闷常默默然,,,胃肠、头脑诸疾，胃虚寒,小柴胡加吴茱萸汤,柴胡24克，黄芩9克，人参9克，半夏12克，炙甘草9克，生姜9克，大枣（擘）4枚，吴茱萸10克,小柴胡汤证+吴茱萸汤证,
157,经方,寒热交替出现,,胸胁满(++)，心烦，头晕,呕(+)，不欲饮食，口苦,小便不利,大便溏泻,浮肿,,咽干(+),精神郁闷常默默然,,,,小柴胡加苓朮汤,柴胡24克，黄芩9克，人参9克，半夏12克，炙甘草9克，生姜9克，大枣（擘）4枚，茯苓10克，苍朮10克,小柴胡汤证,
158,经方,寒热交替出现,,胸胁满(++)，心烦，头晕,呕(+)，不欲饮食，口苦,小便黄赤,,,,咽干(+),精神郁闷常默默然,,,肝炎,小柴胡加丹参茵陈汤,柴胡24克，黄芩9克，人参9克，半夏12克，炙甘草9克，生姜9克，大枣（擘）4枚，丹参15-30克，茵陈18克,小柴胡汤证,
159,经方,寒热交替出现,,胸胁满(++)，心烦，头晕,呕(+)，不欲饮食，口苦,,大便难,,,咽干(+),精神郁闷常默默然,,,里热,柴胡加芒硝汤,柴胡24克，黄芩9克，人参9克，半夏12克，炙甘草9克，生姜9克，大枣（擘）4枚，芒硝12克,小柴胡汤证,
160,经方,寒热交替出现,,胸胁满(++)，心烦，头晕,呕(-)，不欲饮食，口苦,,,,,咽干(+)，口渴(++),精神郁闷常默默然，困倦乏力,,,,柴胡去半夏加栝楼汤,柴胡24克，人参9克，黄芩9克，生姜9克，大枣4枚，炙甘草6克，栝楼根12克,小柴胡汤证,
161,少阳兼太阴,寒热交替出现,头汗(+),气上冲，胸胁满，心下微结，心烦，头晕,呕(-)，不欲饮食，口苦,小便不利,,手足厥冷,,咽干(+)，口渴(++),精神郁闷常默默然，困倦乏力,,,寒多热微，或但寒不热，偏和解半表半里、袪寒饮,柴胡桂枝干姜汤,柴胡24克，桂枝10克，干姜6克，花粉12克，黄芩l0克，牡蛎10克，炙甘草6克,柴胡去半夏加栝楼汤证,
162,太阳少阳并病,寒热交替出现,,关节痛(++)，胸胁满,呕(+),,,,,,,,,急性风湿性关节炎,柴胡桂枝汤 / 柴胡桂枝各半汤,柴胡12克，半夏10克，黄芩5克，人参5克，桂枝5克、芍药5克、生姜5克，大枣3枚，炙甘草3克,桂枝汤证+小柴胡汤证,
163,少阳兼阳明里实,寒热交替出现,,心下痞硬满痛，胸胁满(++)，心烦，头晕,呕(+)，不欲饮食，口苦,,大便难,,,咽干(+),精神郁闷常默默然,,,里实，痢疾,大柴胡汤,柴胡24克，黄芩10克，芍药10克，半夏12克，生姜12克，枳实12克，大枣4枚，大黄6克,小柴胡汤证,
164,经方,寒热交替出现,,气上冲，心悸，胸胁满(++)，心烦，头晕,呕(+)，不欲饮食，口苦,小便不利,大便不畅,,,咽干(+),易惊，不安，谵语,,,精神不安，狂痫病,柴胡加龙骨牡蛎汤,柴胡12克，龙骨3克，黄芩3克，生姜3克，铅丹3克，人参3克，桂枝3克，茯苓3克，半夏10克，大黄6克，牡蛎5克，大枣2枚,小柴胡汤证,
165,经方,,,胸胁满(++)，腹痛，咳，心悸,呕(-),小便不利,大便溏泻,手足厥冷,,,,,,热壅气郁，血行受阻,四逆散,柴胡10克，芍药10克，枳实10克，炙甘草10克,大柴胡汤证,
166,经方,,,头痛，眉棱骨痛,呕(+)，食不得下,小便不多、不红赤、欲自利,,黄疸,,口渴(-),,,,胃中有水饮，新病寒轻,小半夏汤,半夏15克，生姜12克,小半夏汤证,
167,经方,,,似喘不喘，心中闷乱无奈何,呕(++)，似呕不呕,,,,,口渴(-),,,,痰饮(++),生姜半夏汤,半夏15克，生姜汁1杯,小半夏汤证,
168,经方,,,心悸，头晕，心下痞,呕(+),,,,,口渴(+),,,,胃中有水饮,小半夏加茯苓汤,半夏15克，生姜12克，茯苓10克,小半夏汤证,
169,经方,,,吐涎沫,干呕(+),,,,,,,,,胃中有寒饮，胃虚寒，久病寒重,半夏干姜散,半夏、干姜各等分,小半夏汤证,
170,经方,,,心下痞,食后则吐(+),,,,,,,,,胃虚有水饮，宿食不化,大半夏汤,半夏18克，人参10克，白蜜15克,,
171,经方,,,心下痞硬,呕(++),,,,妊振恶阻,,,,,,干姜半夏人参丸,干姜10克，人参10克，半夏18克,小半夏汤证+半夏干姜散证,
172,经方,,,腹胀满,呕(++),,,,,口渴(-),,,,中气虚，痰饮盛,厚朴生姜半夏甘草人参汤,厚朴24克，生姜24克，半夏15克，炙甘草6克，人参3克,生姜半夏汤证,
173,经方,,,梅核气，胸满，咽堵，咳,呕(+),,,,,口渴(+),,,,痰饮气结，神经症、胃病、慢性虚寒性咳嗽,半夏厚朴汤,半夏12克，厚朴10克，茯苓12克，生姜12克，干苏叶6克,小半夏加茯苓汤证,
174,肝气不和脾胃虚弱痰气上逆心下痞硬,,,心下痞,呕(+)，打嗝,,大便不畅,,,,,,,胃虚有饮，气逆不降；噎膈，反胃,旋覆代赭汤,旋覆花10克（包），人参6克，生姜15克，代赭石3克，炙甘草10克，半夏15克，大枣4枚,,去滓再煎
175,经方,发热(-)，恶寒(-),,咳，喘，吐黄痰,,,,浮肿,,口渴(+),,,,痰饮，热多,泽漆汤,半夏12克，紫参12克，泽漆60克，炙甘草6克，生姜12克，白前12克，黄芩6克，桂枝6克，人参6克,,
176,经方,发热(-)，恶寒(-),,咽痛，声哑，咽中生疮,,,,,,咽干(+),,,,外感病后或多语所致,苦酒汤,半夏14枚，鸡子1枚（去黄），苦酒适量,,
177,经方,,,,干呕(+)，食欲不佳,,,手足厥冷,,,,,,病短、病轻适用,橘皮汤,橘皮12克，生姜24克,橘皮汤证,
178,经方,,,胸闷(++)，胸痹(++)，短气(++),干呕(+)，食欲不佳,,,手足厥冷,,,,,,气壅饮逆,橘皮枳实生姜汤,橘皮50克，枳实10克，生姜24克,橘皮汤证,
179,经方,,,咳,干呕(++)，食欲不佳,,,手足厥冷,,,,,,胃虚,橘皮竹茹汤,橘皮90克，竹茹15克，大枣10枚，甘草15克，人参3克，生姜24克,,
180,经方,,,胸满，心下痞，腹胀,呕吐水(+)，打嗝，食欲不佳,小便不利,大便溏泻,手足厥冷,,,,,,胃中水饮,外台茯苓饮,茯苓10克，人参10克，白朮10克，枳壳6克，橘皮10克，生姜12克,橘皮枳实生姜汤证,
181,太阳少阳合病下利,发热,,腹痛,,,下利,,,,,,,急性肠胃炎，急性痢疾,黄芩汤,黄芩10克，炙甘草6克，芍药6克，大枣4枚,黄芩汤证,
182,太阳少阳合病下利夹呕,发热,,腹痛,呕(++)，恶心(++),,下利,,,,,,,胃肠炎，胆囊炎,黄芩加半夏生姜汤,黄芩10克，炙甘草6克，芍药6克，大枣4枚，半夏12克，生姜l0克,黄芩汤证+小半夏汤证,
183,经方,,,心下痞硬,干呕(+),,下利,手足厥冷,,,,,,上热下寒，偏寒,六物黄芩汤 / 外台黄芩汤,黄芩10克，人参10克，干姜10克，大枣4枚，桂枝3克，半夏12克,黄芩加半夏生姜汤证,
184,经方,,,心烦，头痛(-),,,,手足心热,草褥热,,,,,里热，血热，胃虚(-),三物黄芩汤,黄芩10克，苦参10克，生地18克,,
185,上热下寒腹痛腹泻（非下利）欲呕,,,心烦(++)，心悸(++)，腹痛,干呕(+),,下利,,,,,,,胸中有热，胃中有水气。上吐下泻，寒热错杂,黄连汤,黄连10克，炙甘草10克，干姜10克，桂枝6克，人参6克，半夏12克，大枣4枚,六物黄芩汤证,
186,经方,,,虚烦，心悸,,,下利，脓血便,手足心热，失血,,,,不得眠,,半表半里、里热，血虚血热,黄连阿胶汤,黄连12克，黄芩6克，芍药6克，阿胶10克，鸡子黄1枚,,
187,经方,,,腹痛,,,下利，里急后重,,,欲饮水,,,,内热，急性肠炎，痢疾,白头翁汤,白头翁10克，黄连10克，黄柏10克，秦皮10克,白头翁汤证,
188,经方,,,腹痛,,,下利，里急后重，血便，粘血便,,产后,欲饮水,疲乏少气,,,内热，急性肠炎，痢疾,白头翁加甘草阿胶汤,白头翁10克，黄连10克，黄柏10克，秦皮10克，甘草6克，阿胶6克,白头翁汤证,
189,经方,,,胸中烦热，心下痞硬,呕(+)，食后则吐(+),,大便溏泻,,,,,,,上热下寒,干姜黄连黄芩人参汤,干姜10克，黄连10克，黄芩10克，人参10克,,
190,痰气痞,,,心下痞硬，肠鸣,呕(+),,,,,,,,,上热下寒，急慢性胃肠炎，肠功能紊乱,半夏泻心汤,半夏12克，黄芩10克，干姜10克，炙甘草10克，人参10克，黄连3克，大枣4枚,半夏泻心汤证,
191,客气上逆心下痞（痞利）,,,心下痞，肠鸣,呕(+),,下利,口舌糜烂，前后阴溃疡,,,,,,上热下寒，中气虚(++),甘草泻心汤,半夏12克，炙甘草15克，人参10克，黄芩10克，黄连3克，干姜10克，大枣4枚,半夏泻心汤证,
192,脾胃气虚心下痞,,,心下痞满，肠鸣(++),干呕(++)，吞酸嘈杂,,下利(++),,,,,,,上热下寒，胃中寒饮(++)，胃下垂、胃扩张、胃酸过多、胃肠炎,生姜泻心汤,生姜12克，炙甘草10克，人参10克，干姜3克，黄芩10克，半夏12克，黄连3克，大枣4枚,半夏泻心汤证,
193,经方,发热,,胸中窒塞，心烦(++),,,大便溏泻(-),,,,,不得眠,,胃胸里热，急性病后期或慢性病见胃胸疾病,栀子豉汤,栀子10克，香豉18克,栀子豉汤证,
194,经方,发热,,胸中窒塞，心烦(++),,,大便溏泻(-),,,,虚祛少气,不得眠,,胃胸里热，急性病后期或慢性病见胃胸疾病,栀子甘草豉汤,栀子10克，香豉18克，炙甘草6克,栀子豉汤证,
195,经方,发热,,胸中窒塞，心烦(++),呕(+),,大便溏泻(-),,,,,不得眠,,胃、食道病变,栀子生姜豉汤,栀子10克，香豉18克，生姜15克,栀子豉汤证,
196,经方,发热,,胸中窒塞，心烦(++)，心下胀满,,,大便溏泻(-),,,,,不得眠,,热证，胃肠疾病,枳实栀子豉汤,炒枳实10克，栀子10克，香豉18克，有宿食、大便不通加大黄,栀子豉汤证,
197,经方,,,心烦，腹胀满,,,,,,,,卧起不安,,虚满，热证,栀子厚朴汤,栀子10克，炙厚朴12克，炙枳实10克,,
198,经方,发热,,心烦,,,,黄疸,,,,,,不可攻下,栀子柏皮汤,栀子10克，炙甘草3克，黄柏6克,,
199,经方,发热,,心烦,呕(+),,下利(+),,,,,,,上热下寒，误治或慢性胃肠病,栀子干姜汤,栀子10克，干姜6克,栀子豉汤证,
200,经方,,,咽痛,,,,,,,,,,,甘草汤,甘草18克,甘草汤证,
201,经方,,,咽痛(++)，胸胁痛，咳，吐浓痰,,,,,,,,,,肺痈，肝炎肝区痛,桔梗汤,桔梗10克，甘草18克,甘草汤证,
202,经方,,,四肢挛急疼痛，胃腹挛急疼痛,,,,脚弱无力，行步困难,,,,,,,芍药甘草汤,芍药18克，炙甘草18克,芍药甘草汤证,足温者才能用
203,经方,恶寒,,四肢挛急疼痛，胃腹挛急疼痛,,,,,,,,,,阳虚寒,芍药甘草附子汤,芍药10克，炙甘草10克，附子3克,芍药甘草汤证,
204,经方,,,呵欠(++),,,,,,,无故哭笑难以自控,,,津血虚，脏腑失养,甘草小麦大枣汤,甘草27克，小麦30克，大枣10枚,,
205,经方,,,胃脘痛(++)，胀满(-),,,,,,,,,,蛔虫病，溃疡病,甘草粉蜜汤,甘草18克，粉10克，蜂蜜36克 (得去铅粉，加白芨10克),,
206,经方,,,咳，吐白痰,呕(+)，食欲不佳,,,,,咽干(+)，口渴(+),,,,胃虚，水饮，肺痿,生姜甘草汤,生姜15克，人参10克，甘草12克，大枣5枚,,
207,经方,,,咳，吐浊痰，胸痛,,,,,,,,,,久病，急性阑尾炎脓已成,排脓汤,甘草10克，桔梗14克，生姜5克，大枣5枚,桔梗汤证,
208,经方,,,心下坚满边界清楚,,小便不利,,,,,,,,水饮,枳朮汤,枳实20克，白朮18克,,
209,经方,,,腹满挛痛，心烦,,,,,产后,,不安,,,,枳实芍药散,炒枳实l0-12克，芍药l0-12克,枳实芍药散证,
210,经方,,,腹满挛痛，心烦,,,,痈脓,产后,,不安,,,急性阑尾炎脓已成,排脓散,炒枳实10克，芍药10克，桔梗3克，鸡子黄1枚,枳实芍药散证,
211,经方,,,心下痞塞，胸胁闷痛,,,,,,,,,,心绞痛,桂枝生姜枳实汤,桂枝10克，生姜10克，枳实15克,,
212,经方,,,胸闷，胸背痛，短气，喘,,,,,,,,,寸沉迟，关上小紧弦,痰饮阻滞，哮喘、胸膜炎、冠心病,栝楼薤白白酒汤,栝楼实1枚（捣），薤白72克，白酒7杯(得以黄酒代),栝楼薤白白酒汤证,
213,经方,,,胸闷，心痛(++)，咳(++)，短气(++),,,,,,,,不得卧,,冠心病、心绞痛、胸膜炎,栝楼薤白半夏汤,栝楼实1枚（捣），薤白27克，半夏72克，白酒10杯(得以黄酒代),栝楼薤白白酒汤证,
214,经方,,,胸闷，胸背痛，胸腹胀满(++)，短气，喘,,,,,,,,,寸沉迟，关上小紧弦,哮喘、胸膜炎、冠心病，痰饮阻滞,枳实薤白桂枝汤,枳实12克，厚朴12克，薤白24克，桂枝3克，栝楼30克,栝楼薤白白酒汤证,
215,经方,,,腹痛,,,,失血,,,,,,虚证,芎归胶艾汤,川芎6克，阿胶6克，甘草6克，艾叶10克，当归10克，芍药12克，干地黄18克,,
216,经方,,,腹痛(++)，腹拘急，头晕，心悸,,小便不利,,,,,,,,血虚，血瘀，虚寒，痰饮,当归芍药散,当归10克，川芎10克，茯苓12克，白各12克，泽泻24克，芍药48克,当归芍药散证,
217,经方,傍晚发热,,头痛，头晕，胸闷，心悸，腹满痛,呕(+),,,口唇干燥，手足热,崩漏，流产，月经不调，久不受孕,咽干(+),,,,津血不足，胃虚寒，瘀血,温经汤,吴茱萸10克，当归6克，川芎6克，芍药6克，人参6克，桂枝6克，阿胶6克，牡丹皮6克，生姜6克，甘草6克，半夏10克，麦门冬18克,芎归胶艾汤证+当归芍药散证+吴茱萸汤证+桂枝茯苓丸证+麦门冬汤证,
218,经方,发热,,腹痛，心烦,,,,,妊娠,,,,,血虚有热,当归散,当归30克，黄芩30克，芍药30克，川芎30克，白朮15克,当归芍药散证,
219,经方,,,,呕(-),,下利(-),手足凉,,,,,细欲绝,外寒，冻疮,当归四逆汤,当归10克，桂枝10克，芍药10克，细辛l0克，炙甘草6克，通草6克，大枣8枚,桂枝汤证,
220,经方,,,头痛，心腹痛,呕(+),,,手足凉,,,,,,长期内寒，冻疮,当归四逆加吴茱萸生姜汤,当归10克，桂枝10克，芍药10克，细辛10克，炙甘草6克，通草6克，大枣8枚，吴茱萸30克，生姜24克,当归四逆汤证,
221,经方,,,腹痛(++)，胁痛，疝气,,,,,产后,,,,,血虚，虚寒,当归生姜羊肉汤,当归10克，生姜15克，羊肉50克,,
222,经方,,,,,,大便近血，痔疮,诸疮有痈、脓、恶血,,,,,,肛门病、泌尿系病、皮肤病,赤小豆当归散,赤小豆90克（浸令发芽，曝干），当归24克,,
223,经方,,,心烦，四肢疼痛麻木,,,大便溏泻(+)，黑紫远血,手足厥冷，吐血，衂血,,,,,微,血虚，寒热错杂,黄土汤,甘草10克，干地黄10克，白朮10克，炮附子10克，阿胶10克，黄芩10克，灶中黄土24克,,
224,经方,,,小腹麻痹拘急，腰膝酸软疼痛，心烦，阳痿,食欲不佳(-),小便不利，小便失禁,,,子宫下垂，带下,口渴(+),,,,下焦虚，瘀血水毒陷于阴,八味丸 / 肾气丸,干地黄24克，山萸肉12克，山药12克，茯苓10克，丹皮10克，泽泻10克，桂枝3克，炮附子3克,,
225,太阳传少阴而阴阳两虚，手少阴心脏病，心悸动脉结代,,,心动悸,,,,,,,,,结代,气阴两虚，冠心病、心律失常、肺结核后期骨瘦如柴,炙甘草汤,炙甘草12克，生姜10克，人参6克，桂枝l0克，生地50克，阿胶6克，麦门冬15克，麻仁12克，大枣10枚 ，对入黄酒20-30毫升,复脉汤,
226,经方,发热(-),,心悸，心烦,,,,,,,,不得眠,,血虚,酸枣仁汤,酸枣仁60克，甘草3克，知母6克，茯苓6克，川芎6克,,
227,经方,寒热交替出现,,气上冲(++)，腹痛,,,,,,,,,,血虚，水饮，热证(++),奔豚汤,甘草6克， 川芎6克，芍药6克 ， 当归6克，半夏12克， 黄芩6克 ，生葛根15克， 生姜12克，甘李根白皮15克,,
228,经方,,,咳，喘，痰黏,,,,,,咽干(+),,,,虚火挟痰，咳喘后期,麦门冬汤,麦门冬30克，半夏15克，人参6克，甘草6克，粳米10克，大枣4枚,麦门冬汤证,
229,经方,发热,,心烦,呕(+),,,,,口渴(+),虚羸少气,,,急性热病、肺结核后期,竹叶石膏汤,竹叶10克，生石膏45-90克，半夏15克，麦门冬30克，人参10克，炙甘草6克，粳米15克,麦门冬汤证,
230,经方,,,长期喘满，心下痞坚，心烦，胸闷，心悸,,,,面色黧黑,,口渴(+),,,沉紧,肺心病肝脾肿大症，心脏病,木防己汤,木防己14克，生石膏40-90克，桂枝10克，人参18克,木防己汤证,
231,经方,,,长期喘满，心下痞坚(++)，心烦，胸闷，心悸,,小便不利,大便不畅,面色黧黑,,口渴(+),,,沉紧,肺心病肝脾肿大症，心脏病,木防己去石膏加茯苓芒硝汤,木防己14克，桂枝10克，人参18克，茯苓18克，芒硝27克（分二煎用）,木防己汤证,
232,经方,恶风,汗(+),,,,,四肢浮肿，四肢微动,,,,,,皮水,防己茯苓汤,防己l0克，黄耆10克，桂枝10克，茯苓18克，甘草6克,,
233,经方,恶风(++),汗(+),身重,,,,身肿，腰以下肿(++),,,,,浮,风水,防己黄耆汤,防己10克，黄耆12克，炙甘草5克，白朮8克，生姜8克，大枣3枚,,
234,经方,,,关节痛，胸痹疼痛时缓时急,,,,,,,,,,寒湿，胸痹、关节痛、湿疹、疮疡,薏苡附子散,薏苡仁，炮附子各等分,,
235,经方,发热(-),,肠痈腹痛，腹胀满按之软，皮肤痒,,,,皮肤甲错，肿，流黄水,,,,,数,瘀血痈脓，皮炎、痂癞，急性阑尾炎脓已成,薏苡附子败酱散,薏苡仁30克，附子6克，败酱15克,,
236,经方,发热,,咳，吐黄脓痰，心烦，胸闷,,,,,,,,,,肺痈有脓,苇茎汤,苇茎30克，薏苡仁18克，桃仁10克，冬瓜仁15克,,
237,经方,发热,,咳，心烦,,小便不利，淋痛，尿血,下利,,,口渴(+)，欲饮水,,不得眠,浮,湿热，泌尿系炎症,猪苓汤,猪苓10克，茯苓10克，泽泻10克，滑石10克，阿胶10克,,
238,经方,,,,呕(+),小便不利,,,,口渴(+),,,,胃中水饮,猪苓散,猪苓、茯苓、白朮各等分,,
239,经方,,,头晕,,小便不利,,,,,,,,胃中水饮，内分泌失调、动脉硬化、高血压病,泽泻汤,泽泻45克，白朮18克,,
240,经方,,,,呕(+),小便不利,,,,口渴(+)，欲饮水,,,,胃中水饮，急性肠胃炎、胃肠型感冒,茯苓泽泻汤,茯苓24克，泽泻12克，甘草6克，桂枝6克，白朮l0克，生姜12克,五苓散证,
241,经方,,,腰以下冷重疼痛,食欲不佳(-),小便自利，遗尿,,水肿,,口渴(-),,,,肾着,甘草干姜茯苓白朮汤 / 肾着汤,甘草6克，白朮6克，干姜12克，茯苓12克,甘草干姜汤证,
242,经方,,,胸闷，胸痹，短气，咳，喘,,小便不利,,,,,,,,气壅饮逆,茯苓杏仁甘草汤,茯苓18克，杏仁12克，甘草6克,,
243,经方,,,,,小便不利,,腰以下水肿,,口渴(+),,,,不可多服久服,牡蛎泽泻散,牡蛎、泽泻、蜀漆（暖水洗去腥）、海藻（洗去盐）、栝楼根、商陆根、葶苈子各等分,,
244,经方,恶寒,,头晕，身重,,小便不利,,浮肿,妊娠,,,,,不论男女泌尿系病,葵子茯苓散,葵子48克，茯苓10克,,
245,经方,,,心烦，腹痛,,,,吐血，衄血，下血,,,,,无力,寒证,柏叶汤,柏叶10克，干姜10克，艾叶10克，马通汁(或黄土汁)煎,,
246,经方,寒热交替出现,,,,,,,,,,,,寒多热少，偏逐饮化痰，疟疾,蜀漆散,蜀漆（洗去腥）、云母（烧二日夜）、龙骨各等分，未发前以浆水服2克，温疟加蜀漆2克，临发时服3克,,
247,经方,,,胸腹动悸,,,,,,口渴(+),不安,,,虚热,栝楼牡蛎散,枯楼根、牡蛎（熬）等分,,
248,经方,,,,口苦,小便赤,,,,,欲食复不能食，欲卧不能卧，欲行不能行，常默默,,微数,虚热，瘀血，百合病、精神失常症,百合地黄汤,百合7枚，生地黄汁1杯,,
249,经方,,,,,,,,,,欲食复不能食，欲卧不能卧，欲行不能行，常默默,,,虚热，胃虚弱，百合病、精神失常症,百合鸡子汤,百合7枚(擘)，鸡子黄1枚,,
250,经方,,,心烦,,,,,,,欲食复不能食，欲卧不能卧，欲行不能行，常默默,,,虚热，百合病、精神失常症,百合知母汤,百合7枚(擘)，知母10克,,
251,经方,,,,,,,,,口渴(+),欲食复不能食，欲卧不能卧，欲行不能行，常默默,,,虚热，百合病、精神失常症,百合洗方,百合300克，外洗,,
252,经方,发热(++),,,,,,,,,欲食复不能食，欲卧不能卧，欲行不能行，常默默,,,内热，百合病、精神失常症,百合滑石散,百合10克(炙)，滑石30克,,
253,经方,,,,,,大便溏泻,,,,欲食复不能食，欲卧不能卧，欲行不能行，常默默,,,虚热，百合病、精神失常症,滑石代赭汤,百合7枚(擘) ，滑石15克(碎，绵裹) ，代赭石15克(碎，绵裹),,
254,经方,,,,,小便不利，小便赤涩，尿血,,,,,,,,热证,蒲灰散方,蒲灰2.1克，滑石0.9克,,
255,经方,,,,,小便不利，小便赤涩，尿血,,,,,,,,热证,滑石白鱼散,滑石0.6克，乱发0.6克(烧)，白鱼0.6克,,
256,经方,,,心下悸,,小便淋沥不通,,,,,,,,热证,茯苓戎盐汤,茯苓24克， 白朮6克， 戎盐弹丸大1枚,,
257,经方,,,少腹满,,小便不利,大便干结,,常见，阴吹有声,,,,,,猪膏发煎,猪膏72克，乱发（如鸡子大）3枚,,
258,水结于表的热闭,,,,,,,,,口渴(++)，欲饮水,,,,,文蛤散,文蛤,,
259,经方,,,气上冲心,,,,脚气痿弱不仁,,,,,,,矾石汤,矾石18克，浸脚,,
260,经方,身热(++)，恶寒,,少腹满,,,大便黑溏,黄疸，色黯黑,,,,,,瘀血轻，慢性肝硬化,硝石矾石散,硝石、矾石(烧)等分,,
261,经方,,,,,,,,阴部肿痛、瘙痒下白浊,,,,,寒湿，阴道滴虫、真菌性阴道炎,蛇床子散,蛇床子仁，铅粉少许，坐药,,
262,经方,,,,,,,,阴部湿疮、溃疡、瘙痒,咽干(+),,,,下有湿热,苦参汤,苦参50克，熏洗,,
263,经方,,,,,,,肛门溃烂、湿疹,,,,,,湿热(++),雄黄熏方,雄黄，熏,,
264,经方,,,肢体重着,,,,,,,,,,中风后，中虚有寒,侯氏黑散,菊花12克，白朮3克，细辛0.9克，茯苓0.9克，牡蛎0.9克，桔梗2.4克，防风3克，人参0.9克，矾石0.9克，黄芩1.5克，当归0.9克，干姜0.9克，川芎0.9克，桂枝0.9克 ?,,
265,经方,,,,,,,,,,,,,肺结核病,肘后獭肝散,獭肝1具,,
266,经方,,,咳，咽痛,,,下利，屁(++),,,,,,,虚寒,诃梨勒散,诃梨勒10枚(煨),,
267,经方,,,转筋(++),,,,,,,,,,,鸡屎白散,鸡屎白,,
268,经方,,,,食欲不佳(-),小便灼热、疼痛、淋沥,,,妊娠,,,,,尿道感染,当归贝母苦参丸,当归12克，贝母12克，苦参12克,,
269,经方,,,,,,,外阴、阴道溃烂,,,,,滑数,实热,狼牙汤,狼牙10克，坐洗,,
